문항 번호,변별도 (alpha),난이도 (beta)
1,0.6070535710699975,0.20114288570199165
2,0.8979067768920105,0.9913770435804586
3,0.9953505044875425,0.9660657526109709
4,0.9964590544243495,0.49439718044395825
5,0.9835613271999495,0.653056952141146
