문항 번호,변별도 (alpha),난이도,임계값_1,임계값_2,임계값_3,임계값_4,임계값_5
1,1.106622406087533,0.1845724920345265,-1.229592835048015,-0.3759099842727641,-0.027520640309398305,0.8923983348781863,1.6634875849246238
2,1.0399195937644254,-0.16157700804408942,-1.9343710864777386,-1.0170961438773585,-0.14739543084926818,0.5664485072842874,1.7245291136996306
3,0.902487126343714,-0.2175160171702683,-1.8441185685727999,-0.9051369934219148,-0.008256046940647353,0.615352507533847,1.054579015550173
4,1.5046415799982358,-0.017891737429659438,-1.71895085189801,-0.44742753410456565,0.3599240519223953,0.6749390912076734,1.0420565557242099
5,1.5771006530806884,-0.0463803440130063,-2.1303240381941912,-0.7673180859349815,-0.034658232379022304,0.7631829447015924,1.937215691741571
